{
    "info": {
        "id": "0a9e2edd-df96-11e9-80f2-10604ba895dc",
        "car_id": "e8ab41bf-360c-11e5-989b-00155d630038",
        "category": "Грузовой\\Самосвал",
        "car_passengers": 1,
        "cat_carry_weight": 4,
        "start_dt": "2019-09-26 04:15:00+00",
        "end_dt": "2019-09-26 09:30:00+00"
    },
    "data": [
        [
            1569474817,
            21.823552,
            54.629396,
            35,
            0,
            0,
            6
        ],
        [
            1569474819,
            21.823552,
            54.629396,
            35,
            0,
            0,
            6
        ],
        [
            1569474939,
            21.823572,
            54.629388,
            33,
            0,
            0,
            9
        ],
        [
            1569475059,
            21.823572,
            54.629388,
            33,
            0,
            0,
            9
        ],
        [
            1569475086,
            21.823572,
            54.629388,
            33,
            0,
            0,
            9
        ],
        [
            1569475089,
            21.823572,
            54.629388,
            33,
            0,
            0,
            9
        ],
        [
            1569475100,
            21.823592,
            54.629296,
            31,
            5,
            311,
            15
        ],
        [
            1569475102,
            21.82354,
            54.629328,
            30,
            11,
            319,
            15
        ],
        [
            1569475103,
            21.823512,
            54.629352,
            30,
            11,
            331,
            15
        ],
        [
            1569475104,
            21.82349,
            54.62938,
            30,
            10,
            339,
            12
        ],
        [
            1569475105,
            21.823486,
            54.629404,
            29,
            13,
            4,
            12
        ],
        [
            1569475106,
            21.823494,
            54.629436,
            28,
            14,
            13,
            11
        ],
        [
            1569475107,
            21.823512,
            54.629476,
            27,
            15,
            17,
            9
        ],
        [
            1569475108,
            21.823526,
            54.629508,
            27,
            14,
            10,
            12
        ],
        [
            1569475112,
            21.823568,
            54.629632,
            25,
            11,
            14,
            12
        ],
        [
            1569475115,
            21.823596,
            54.629704,
            23,
            8,
            9,
            13
        ],
        [
            1569475116,
            21.823604,
            54.62972,
            21,
            7,
            357,
            13
        ],
        [
            1569475119,
            21.8236,
            54.629736,
            20,
            0,
            357,
            13
        ],
        [
            1569475121,
            21.8236,
            54.629736,
            20,
            0,
            357,
            13
        ],
        [
            1569475127,
            21.823536,
            54.629804,
            18,
            12,
            313,
            14
        ],
        [
            1569475128,
            21.823486,
            54.629816,
            18,
            14,
            285,
            13
        ],
        [
            1569475131,
            21.823286,
            54.62986,
            19,
            15,
            279,
            14
        ],
        [
            1569475133,
            21.823144,
            54.629876,
            19,
            19,
            286,
            14
        ],
        [
            1569475135,
            21.822966,
            54.629904,
            19,
            23,
            280,
            12
        ],
        [
            1569475138,
            21.822632,
            54.629932,
            18,
            27,
            277,
            14
        ],
        [
            1569475143,
            21.8221,
            54.629964,
            17,
            22,
            273,
            13
        ],
        [
            1569475144,
            21.821996,
            54.629972,
            18,
            22,
            277,
            13
        ],
        [
            1569475148,
            21.821644,
            54.629996,
            18,
            17,
            281,
            15
        ],
        [
            1569475149,
            21.821562,
            54.629996,
            18,
            18,
            277,
            14
        ],
        [
            1569475154,
            21.821164,
            54.630028,
            20,
            17,
            282,
            12
        ],
        [
            1569475155,
            21.821082,
            54.63004,
            20,
            19,
            279,
            13
        ],
        [
            1569475173,
            21.818782,
            54.630264,
            21,
            35,
            280,
            13
        ],
        [
            1569475189,
            21.816284,
            54.630572,
            18,
            35,
            279,
            14
        ],
        [
            1569475195,
            21.815458,
            54.630656,
            18,
            29,
            275,
            14
        ],
        [
            1569475198,
            21.81508,
            54.630672,
            17,
            28,
            272,
            15
        ],
        [
            1569475202,
            21.81464,
            54.630688,
            20,
            22,
            276,
            14
        ],
        [
            1569475204,
            21.81445,
            54.630696,
            20,
            22,
            272,
            14
        ],
        [
            1569475211,
            21.81376,
            54.630688,
            18,
            24,
            267,
            12
        ],
        [
            1569475212,
            21.813656,
            54.630688,
            18,
            23,
            271,
            12
        ],
        [
            1569475213,
            21.81355,
            54.630688,
            19,
            24,
            262,
            13
        ],
        [
            1569475215,
            21.81333,
            54.630664,
            20,
            26,
            258,
            13
        ],
        [
            1569475216,
            21.813224,
            54.63064,
            19,
            25,
            251,
            13
        ],
        [
            1569475218,
            21.813016,
            54.6306,
            19,
            24,
            248,
            12
        ],
        [
            1569475219,
            21.812924,
            54.630572,
            20,
            22,
            242,
            13
        ],
        [
            1569475221,
            21.81274,
            54.630528,
            21,
            24,
            247,
            13
        ],
        [
            1569475222,
            21.812644,
            54.630508,
            21,
            24,
            252,
            13
        ],
        [
            1569475223,
            21.812536,
            54.630484,
            21,
            26,
            249,
            13
        ],
        [
            1569475235,
            21.811072,
            54.630144,
            22,
            27,
            245,
            14
        ],
        [
            1569475236,
            21.810962,
            54.63012,
            21,
            25,
            250,
            14
        ],
        [
            1569475237,
            21.81086,
            54.630092,
            20,
            24,
            246,
            14
        ],
        [
            1569475243,
            21.810352,
            54.629972,
            19,
            17,
            234,
            14
        ],
        [
            1569475245,
            21.810242,
            54.629916,
            20,
            16,
            222,
            14
        ],
        [
            1569475246,
            21.810202,
            54.629876,
            21,
            16,
            204,
            13
        ],
        [
            1569475247,
            21.810176,
            54.62984,
            21,
            16,
            199,
            7
        ],
        [
            1569475254,
            21.810242,
            54.629588,
            21,
            19,
            176,
            10
        ],
        [
            1569475255,
            21.810234,
            54.629532,
            21,
            18,
            162,
            11
        ],
        [
            1569475256,
            21.810298,
            54.629444,
            22,
            36,
            157,
            14
        ],
        [
            1569475257,
            21.810328,
            54.62936,
            22,
            19,
            144,
            15
        ],
        [
            1569475258,
            21.810384,
            54.629296,
            23,
            37,
            137,
            15
        ],
        [
            1569475259,
            21.81042,
            54.629264,
            23,
            20,
            126,
            15
        ],
        [
            1569475260,
            21.810526,
            54.629208,
            24,
            38,
            119,
            15
        ],
        [
            1569475261,
            21.810586,
            54.629172,
            25,
            22,
            114,
            15
        ],
        [
            1569475262,
            21.810648,
            54.62916,
            25,
            21,
            109,
            15
        ],
        [
            1569475267,
            21.811064,
            54.629072,
            26,
            21,
            106,
            14
        ],
        [
            1569475270,
            21.81132,
            54.629028,
            25,
            22,
            110,
            15
        ],
        [
            1569475272,
            21.811488,
            54.628992,
            25,
            20,
            102,
            14
        ],
        [
            1569475298,
            21.813818,
            54.628696,
            23,
            18,
            101,
            15
        ],
        [
            1569475302,
            21.81413,
            54.628648,
            23,
            19,
            105,
            14
        ],
        [
            1569475314,
            21.815042,
            54.628492,
            23,
            18,
            112,
            15
        ],
        [
            1569475315,
            21.815116,
            54.628468,
            23,
            19,
            116,
            15
        ],
        [
            1569475316,
            21.815194,
            54.628452,
            23,
            18,
            113,
            15
        ],
        [
            1569475318,
            21.815336,
            54.628412,
            23,
            19,
            118,
            15
        ],
        [
            1569475325,
            21.815756,
            54.62828,
            23,
            14,
            114,
            14
        ],
        [
            1569475328,
            21.815914,
            54.62824,
            21,
            14,
            107,
            15
        ],
        [
            1569475330,
            21.816036,
            54.628224,
            21,
            14,
            103,
            15
        ],
        [
            1569475335,
            21.816352,
            54.62818,
            21,
            15,
            98,
            15
        ],
        [
            1569475340,
            21.81669,
            54.628152,
            20,
            17,
            93,
            15
        ],
        [
            1569475343,
            21.816934,
            54.62814,
            20,
            20,
            98,
            15
        ],
        [
            1569475366,
            21.818812,
            54.627964,
            21,
            20,
            102,
            15
        ],
        [
            1569475371,
            21.819296,
            54.627896,
            21,
            24,
            99,
            15
        ],
        [
            1569475377,
            21.819964,
            54.627824,
            23,
            26,
            102,
            14
        ],
        [
            1569475388,
            21.82115,
            54.6277,
            24,
            26,
            99,
            15
        ],
        [
            1569475391,
            21.82149,
            54.627664,
            24,
            26,
            103,
            15
        ],
        [
            1569475406,
            21.82312,
            54.627456,
            24,
            21,
            99,
            15
        ],
        [
            1569475411,
            21.823504,
            54.62742,
            23,
            14,
            104,
            15
        ],
        [
            1569475415,
            21.82369,
            54.627384,
            24,
            9,
            107,
            15
        ],
        [
            1569475418,
            21.823802,
            54.62736,
            25,
            9,
            117,
            15
        ],
        [
            1569475420,
            21.823874,
            54.627336,
            26,
            8,
            123,
            15
        ],
        [
            1569475421,
            21.823906,
            54.62732,
            27,
            10,
            131,
            15
        ],
        [
            1569475422,
            21.823934,
            54.627304,
            27,
            8,
            136,
            15
        ],
        [
            1569475423,
            21.823958,
            54.627284,
            28,
            8,
            151,
            15
        ],
        [
            1569475424,
            21.82397,
            54.627268,
            28,
            9,
            163,
            15
        ],
        [
            1569475427,
            21.824004,
            54.627196,
            28,
            10,
            168,
            15
        ],
        [
            1569475431,
            21.82404,
            54.6271,
            29,
            10,
            173,
            15
        ],
        [
            1569475432,
            21.824044,
            54.627076,
            29,
            9,
            186,
            15
        ],
        [
            1569475433,
            21.824036,
            54.62706,
            29,
            9,
            193,
            15
        ],
        [
            1569475434,
            21.824024,
            54.627032,
            28,
            9,
            211,
            15
        ],
        [
            1569475435,
            21.823996,
            54.627012,
            28,
            10,
            221,
            15
        ],
        [
            1569475436,
            21.823964,
            54.626996,
            28,
            11,
            232,
            15
        ],
        [
            1569475437,
            21.823922,
            54.626988,
            28,
            11,
            251,
            15
        ],
        [
            1569475438,
            21.823878,
            54.626968,
            28,
            10,
            258,
            13
        ],
        [
            1569475439,
            21.823828,
            54.626968,
            28,
            10,
            269,
            13
        ],
        [
            1569475440,
            21.823784,
            54.626968,
            28,
            11,
            276,
            14
        ],
        [
            1569475444,
            21.823616,
            54.626988,
            29,
            8,
            292,
            15
        ],
        [
            1569475445,
            21.823584,
            54.626996,
            29,
            8,
            297,
            14
        ],
        [
            1569475447,
            21.823514,
            54.627012,
            28,
            7,
            283,
            15
        ],
        [
            1569475448,
            21.823482,
            54.627016,
            28,
            7,
            276,
            15
        ],
        [
            1569475449,
            21.823454,
            54.627016,
            30,
            5,
            276,
            15
        ],
        [
            1569475478,
            21.823454,
            54.627016,
            30,
            0,
            276,
            15
        ],
        [
            1569475598,
            21.823454,
            54.627016,
            30,
            0,
            276,
            15
        ],
        [
            1569475718,
            21.823454,
            54.627016,
            30,
            0,
            276,
            15
        ],
        [
            1569475760,
            21.823454,
            54.627016,
            30,
            0,
            276,
            15
        ],
        [
            1569475838,
            21.823454,
            54.627016,
            30,
            0,
            276,
            15
        ],
        [
            1569475881,
            21.823454,
            54.627016,
            30,
            0,
            276,
            15
        ],
        [
            1569475958,
            21.823454,
            54.627016,
            30,
            0,
            276,
            15
        ],
        [
            1569476078,
            21.823454,
            54.627016,
            30,
            0,
            276,
            15
        ],
        [
            1569476198,
            21.823454,
            54.627016,
            30,
            0,
            276,
            15
        ],
        [
            1569476221,
            21.823454,
            54.627016,
            30,
            0,
            276,
            15
        ],
        [
            1569476318,
            21.823454,
            54.627016,
            30,
            0,
            276,
            15
        ],
        [
            1569476438,
            21.823454,
            54.627016,
            30,
            0,
            276,
            15
        ],
        [
            1569476558,
            21.823454,
            54.627016,
            30,
            0,
            276,
            15
        ],
        [
            1569476678,
            21.823454,
            54.627016,
            30,
            0,
            276,
            15
        ],
        [
            1569476798,
            21.823454,
            54.627016,
            30,
            0,
            276,
            15
        ],
        [
            1569476918,
            21.823454,
            54.627016,
            30,
            0,
            276,
            15
        ],
        [
            1569476946,
            21.823454,
            54.627016,
            30,
            0,
            276,
            15
        ],
        [
            1569477038,
            21.823454,
            54.627016,
            30,
            0,
            276,
            15
        ],
        [
            1569477158,
            21.823454,
            54.627016,
            30,
            0,
            276,
            15
        ],
        [
            1569477278,
            21.823454,
            54.627016,
            30,
            0,
            276,
            15
        ],
        [
            1569477398,
            21.823454,
            54.627016,
            30,
            0,
            276,
            15
        ],
        [
            1569477518,
            21.823454,
            54.627016,
            30,
            0,
            276,
            15
        ],
        [
            1569477579,
            21.823454,
            54.627016,
            30,
            0,
            276,
            15
        ],
        [
            1569477638,
            21.823454,
            54.627016,
            30,
            0,
            276,
            15
        ],
        [
            1569477665,
            21.823454,
            54.627016,
            30,
            0,
            276,
            15
        ],
        [
            1569477758,
            21.823454,
            54.627016,
            30,
            0,
            276,
            15
        ],
        [
            1569477878,
            21.823454,
            54.627016,
            30,
            0,
            276,
            15
        ],
        [
            1569477966,
            21.823454,
            54.627016,
            30,
            0,
            276,
            15
        ],
        [
            1569477998,
            21.823454,
            54.627016,
            30,
            0,
            276,
            15
        ],
        [
            1569478118,
            21.823454,
            54.627016,
            30,
            0,
            276,
            15
        ],
        [
            1569478238,
            21.823454,
            54.627016,
            30,
            0,
            276,
            15
        ],
        [
            1569478358,
            21.823454,
            54.627016,
            30,
            0,
            276,
            15
        ],
        [
            1569478478,
            21.823454,
            54.627016,
            30,
            0,
            276,
            15
        ],
        [
            1569478598,
            21.823454,
            54.627016,
            30,
            0,
            276,
            15
        ],
        [
            1569478718,
            21.823454,
            54.627016,
            30,
            0,
            276,
            15
        ],
        [
            1569478838,
            21.823454,
            54.627016,
            30,
            0,
            276,
            15
        ],
        [
            1569478958,
            21.823454,
            54.627016,
            30,
            0,
            276,
            15
        ],
        [
            1569479078,
            21.823454,
            54.627016,
            30,
            0,
            276,
            15
        ],
        [
            1569479198,
            21.823454,
            54.627016,
            30,
            0,
            276,
            15
        ],
        [
            1569479280,
            21.823454,
            54.627016,
            30,
            0,
            276,
            15
        ],
        [
            1569479318,
            21.823454,
            54.627016,
            30,
            0,
            276,
            15
        ],
        [
            1569479438,
            21.823454,
            54.627016,
            30,
            0,
            276,
            15
        ],
        [
            1569479558,
            21.823454,
            54.627016,
            30,
            0,
            276,
            15
        ],
        [
            1569479580,
            21.823454,
            54.627016,
            30,
            0,
            276,
            15
        ],
        [
            1569479678,
            21.823454,
            54.627016,
            30,
            0,
            276,
            15
        ],
        [
            1569479798,
            21.823454,
            54.627016,
            30,
            0,
            276,
            15
        ],
        [
            1569479801,
            21.823454,
            54.627016,
            30,
            0,
            276,
            15
        ],
        [
            1569479918,
            21.823454,
            54.627016,
            30,
            0,
            276,
            15
        ],
        [
            1569480038,
            21.823454,
            54.627016,
            30,
            0,
            276,
            15
        ],
        [
            1569480101,
            21.823454,
            54.627016,
            30,
            0,
            276,
            15
        ],
        [
            1569480158,
            21.823454,
            54.627016,
            30,
            0,
            276,
            15
        ],
        [
            1569480225,
            21.823454,
            54.627016,
            30,
            0,
            276,
            15
        ],
        [
            1569480278,
            21.823454,
            54.627016,
            30,
            0,
            276,
            15
        ],
        [
            1569480398,
            21.823454,
            54.627016,
            30,
            0,
            276,
            15
        ],
        [
            1569480518,
            21.823454,
            54.627016,
            30,
            0,
            276,
            15
        ],
        [
            1569480525,
            21.823454,
            54.627016,
            30,
            0,
            276,
            15
        ],
        [
            1569480638,
            21.823454,
            54.627016,
            30,
            0,
            276,
            15
        ],
        [
            1569480758,
            21.823454,
            54.627016,
            30,
            0,
            276,
            15
        ],
        [
            1569480802,
            21.823454,
            54.627016,
            30,
            0,
            276,
            15
        ],
        [
            1569480878,
            21.823454,
            54.627016,
            30,
            0,
            276,
            15
        ],
        [
            1569480998,
            21.823454,
            54.627016,
            30,
            0,
            276,
            15
        ],
        [
            1569481118,
            21.823454,
            54.627016,
            30,
            0,
            276,
            15
        ],
        [
            1569481238,
            21.823454,
            54.627016,
            30,
            0,
            276,
            15
        ],
        [
            1569481358,
            21.823454,
            54.627016,
            30,
            0,
            276,
            15
        ],
        [
            1569481478,
            21.823454,
            54.627016,
            30,
            0,
            276,
            15
        ],
        [
            1569481503,
            21.823454,
            54.627016,
            30,
            0,
            276,
            15
        ],
        [
            1569481598,
            21.823454,
            54.627016,
            30,
            0,
            276,
            15
        ],
        [
            1569481658,
            21.823454,
            54.627016,
            30,
            0,
            276,
            15
        ],
        [
            1569481718,
            21.823454,
            54.627016,
            30,
            0,
            276,
            15
        ],
        [
            1569481838,
            21.823454,
            54.627016,
            30,
            0,
            276,
            15
        ],
        [
            1569481958,
            21.823454,
            54.627016,
            30,
            0,
            276,
            15
        ],
        [
            1569482078,
            21.823454,
            54.627016,
            30,
            0,
            276,
            15
        ],
        [
            1569482198,
            21.823454,
            54.627016,
            30,
            0,
            276,
            15
        ],
        [
            1569482318,
            21.823454,
            54.627016,
            30,
            0,
            276,
            15
        ],
        [
            1569482438,
            21.823454,
            54.627016,
            30,
            0,
            276,
            15
        ],
        [
            1569482558,
            21.823454,
            54.627016,
            30,
            0,
            276,
            15
        ],
        [
            1569482678,
            21.823454,
            54.627016,
            30,
            0,
            276,
            15
        ],
        [
            1569482798,
            21.823454,
            54.627016,
            30,
            0,
            276,
            15
        ],
        [
            1569482918,
            21.823454,
            54.627016,
            30,
            0,
            276,
            15
        ],
        [
            1569483038,
            21.823454,
            54.627016,
            30,
            0,
            276,
            15
        ],
        [
            1569483158,
            21.823454,
            54.627016,
            30,
            0,
            276,
            15
        ],
        [
            1569483278,
            21.823454,
            54.627016,
            30,
            0,
            276,
            15
        ],
        [
            1569483398,
            21.823328,
            54.627032,
            27,
            0,
            276,
            15
        ],
        [
            1569483518,
            21.823328,
            54.627032,
            27,
            0,
            276,
            15
        ],
        [
            1569483638,
            21.823328,
            54.627032,
            27,
            0,
            276,
            15
        ],
        [
            1569483758,
            21.823328,
            54.627032,
            27,
            0,
            276,
            15
        ],
        [
            1569483878,
            21.823328,
            54.627032,
            27,
            0,
            276,
            15
        ],
        [
            1569483998,
            21.823328,
            54.627032,
            27,
            0,
            276,
            15
        ],
        [
            1569484118,
            21.823328,
            54.627032,
            27,
            0,
            276,
            15
        ],
        [
            1569484238,
            21.823328,
            54.627032,
            27,
            0,
            276,
            15
        ],
        [
            1569484358,
            21.823328,
            54.627032,
            27,
            0,
            276,
            15
        ],
        [
            1569484478,
            21.823328,
            54.627032,
            27,
            0,
            276,
            15
        ],
        [
            1569484598,
            21.823328,
            54.627032,
            27,
            0,
            276,
            15
        ],
        [
            1569484718,
            21.823328,
            54.627032,
            27,
            0,
            276,
            15
        ],
        [
            1569484838,
            21.823328,
            54.627032,
            27,
            0,
            276,
            15
        ],
        [
            1569484958,
            21.823328,
            54.627032,
            27,
            0,
            276,
            15
        ],
        [
            1569485022,
            21.823328,
            54.627032,
            27,
            0,
            276,
            15
        ],
        [
            1569485055,
            21.823328,
            54.627032,
            27,
            0,
            276,
            15
        ],
        [
            1569485078,
            21.823328,
            54.627032,
            27,
            0,
            276,
            15
        ],
        [
            1569485198,
            21.823328,
            54.627032,
            27,
            0,
            276,
            15
        ],
        [
            1569485318,
            21.823328,
            54.627032,
            27,
            0,
            276,
            15
        ],
        [
            1569485393,
            21.823328,
            54.627032,
            27,
            0,
            276,
            15
        ],
        [
            1569485438,
            21.823328,
            54.627032,
            27,
            0,
            276,
            15
        ],
        [
            1569485558,
            21.823328,
            54.627032,
            27,
            0,
            276,
            15
        ],
        [
            1569485629,
            21.823328,
            54.627032,
            27,
            0,
            276,
            15
        ],
        [
            1569485678,
            21.823328,
            54.627032,
            27,
            0,
            276,
            15
        ],
        [
            1569485798,
            21.823328,
            54.627032,
            27,
            0,
            276,
            15
        ],
        [
            1569485918,
            21.823328,
            54.627032,
            27,
            0,
            276,
            15
        ],
        [
            1569485991,
            21.823328,
            54.627032,
            27,
            0,
            276,
            15
        ],
        [
            1569486038,
            21.823328,
            54.627032,
            27,
            0,
            276,
            15
        ],
        [
            1569486157,
            21.823328,
            54.627032,
            27,
            0,
            276,
            15
        ],
        [
            1569486277,
            21.823328,
            54.627032,
            27,
            0,
            276,
            15
        ],
        [
            1569486322,
            21.823328,
            54.627032,
            27,
            0,
            276,
            15
        ],
        [
            1569486397,
            21.823328,
            54.627032,
            27,
            0,
            276,
            15
        ],
        [
            1569486517,
            21.823328,
            54.627032,
            27,
            0,
            276,
            15
        ],
        [
            1569486637,
            21.823328,
            54.627032,
            27,
            0,
            276,
            15
        ],
        [
            1569486757,
            21.823328,
            54.627032,
            27,
            0,
            276,
            15
        ],
        [
            1569486877,
            21.823328,
            54.627032,
            27,
            0,
            276,
            15
        ],
        [
            1569486888,
            21.823328,
            54.627032,
            27,
            0,
            276,
            15
        ],
        [
            1569486997,
            21.823328,
            54.627032,
            27,
            0,
            276,
            15
        ],
        [
            1569487117,
            21.823328,
            54.627032,
            27,
            0,
            276,
            15
        ],
        [
            1569487237,
            21.823328,
            54.627032,
            27,
            0,
            276,
            15
        ],
        [
            1569487357,
            21.823328,
            54.627032,
            27,
            0,
            276,
            15
        ],
        [
            1569487477,
            21.823328,
            54.627032,
            27,
            0,
            276,
            15
        ],
        [
            1569487597,
            21.823328,
            54.627032,
            27,
            0,
            276,
            15
        ],
        [
            1569487717,
            21.823328,
            54.627032,
            27,
            0,
            276,
            15
        ],
        [
            1569487837,
            21.823328,
            54.627032,
            27,
            0,
            276,
            15
        ],
        [
            1569487957,
            21.823328,
            54.627032,
            27,
            0,
            276,
            15
        ],
        [
            1569488077,
            21.823328,
            54.627032,
            27,
            0,
            276,
            15
        ],
        [
            1569488190,
            21.823328,
            54.627032,
            27,
            0,
            276,
            15
        ],
        [
            1569488197,
            21.823328,
            54.627032,
            27,
            0,
            276,
            15
        ],
        [
            1569488270,
            21.823328,
            54.627032,
            27,
            0,
            276,
            15
        ],
        [
            1569488317,
            21.82349,
            54.627032,
            27,
            0,
            276,
            15
        ],
        [
            1569488334,
            21.82364,
            54.627032,
            27,
            0,
            276,
            15
        ],
        [
            1569488348,
            21.82364,
            54.627032,
            27,
            0,
            276,
            15
        ],
        [
            1569488468,
            21.82364,
            54.627032,
            27,
            0,
            276,
            15
        ],
        [
            1569488588,
            21.82364,
            54.627032,
            27,
            0,
            276,
            15
        ],
        [
            1569488603,
            21.82364,
            54.627032,
            27,
            0,
            276,
            15
        ],
        [
            1569488616,
            21.82354,
            54.627016,
            27,
            8,
            260,
            15
        ],
        [
            1569488618,
            21.823462,
            54.627012,
            28,
            9,
            268,
            15
        ],
        [
            1569488619,
            21.823426,
            54.627012,
            28,
            9,
            276,
            15
        ],
        [
            1569488621,
            21.823332,
            54.627012,
            28,
            10,
            273,
            15
        ],
        [
            1569488622,
            21.823286,
            54.627012,
            28,
            10,
            267,
            15
        ],
        [
            1569488624,
            21.82321,
            54.627012,
            27,
            8,
            271,
            15
        ],
        [
            1569488625,
            21.823174,
            54.627012,
            27,
            8,
            267,
            15
        ],
        [
            1569488628,
            21.823066,
            54.627012,
            27,
            9,
            273,
            14
        ],
        [
            1569488629,
            21.823026,
            54.627012,
            26,
            11,
            267,
            14
        ],
        [
            1569488630,
            21.822978,
            54.627012,
            26,
            11,
            271,
            15
        ],
        [
            1569488631,
            21.82293,
            54.627012,
            26,
            12,
            261,
            14
        ],
        [
            1569488633,
            21.822822,
            54.627004,
            25,
            12,
            266,
            15
        ],
        [
            1569488637,
            21.82262,
            54.626996,
            26,
            12,
            262,
            15
        ],
        [
            1569488638,
            21.822566,
            54.626996,
            26,
            12,
            268,
            15
        ],
        [
            1569488640,
            21.82246,
            54.626996,
            26,
            12,
            263,
            15
        ],
        [
            1569488643,
            21.822306,
            54.626976,
            26,
            12,
            260,
            15
        ],
        [
            1569488644,
            21.822258,
            54.626968,
            26,
            12,
            255,
            15
        ],
        [
            1569488645,
            21.822208,
            54.62696,
            26,
            12,
            251,
            15
        ],
        [
            1569488647,
            21.822112,
            54.626944,
            26,
            12,
            247,
            15
        ],
        [
            1569488649,
            21.822018,
            54.626912,
            26,
            10,
            237,
            15
        ],
        [
            1569488650,
            21.821982,
            54.626896,
            27,
            10,
            227,
            15
        ],
        [
            1569488651,
            21.821952,
            54.62688,
            27,
            10,
            221,
            15
        ],
        [
            1569488652,
            21.821924,
            54.626864,
            27,
            9,
            215,
            15
        ],
        [
            1569488654,
            21.821882,
            54.626832,
            27,
            6,
            220,
            15
        ],
        [
            1569488657,
            21.821818,
            54.62678,
            27,
            8,
            229,
            15
        ],
        [
            1569488658,
            21.821794,
            54.626772,
            26,
            10,
            233,
            15
        ],
        [
            1569488659,
            21.821756,
            54.62676,
            26,
            10,
            237,
            15
        ],
        [
            1569488660,
            21.821712,
            54.626744,
            25,
            12,
            242,
            15
        ],
        [
            1569488664,
            21.82149,
            54.626676,
            25,
            15,
            250,
            15
        ],
        [
            1569488665,
            21.821428,
            54.626668,
            25,
            14,
            256,
            15
        ],
        [
            1569488666,
            21.821368,
            54.62666,
            25,
            15,
            251,
            15
        ],
        [
            1569488673,
            21.820956,
            54.626572,
            25,
            13,
            255,
            15
        ],
        [
            1569488674,
            21.820898,
            54.626564,
            25,
            14,
            250,
            14
        ],
        [
            1569488676,
            21.82078,
            54.626536,
            25,
            14,
            254,
            15
        ],
        [
            1569488677,
            21.820722,
            54.626524,
            25,
            14,
            249,
            15
        ],
        [
            1569488678,
            21.820668,
            54.626516,
            25,
            13,
            246,
            15
        ],
        [
            1569488679,
            21.820618,
            54.6265,
            25,
            13,
            237,
            15
        ],
        [
            1569488680,
            21.820578,
            54.626472,
            25,
            12,
            226,
            15
        ],
        [
            1569488681,
            21.82054,
            54.626448,
            25,
            13,
            217,
            15
        ],
        [
            1569488682,
            21.820508,
            54.626424,
            25,
            14,
            210,
            14
        ],
        [
            1569488683,
            21.820478,
            54.626392,
            24,
            13,
            204,
            14
        ],
        [
            1569488684,
            21.820464,
            54.62636,
            24,
            13,
            188,
            15
        ],
        [
            1569488685,
            21.820464,
            54.626328,
            25,
            12,
            176,
            15
        ],
        [
            1569488686,
            21.82047,
            54.626292,
            25,
            12,
            171,
            15
        ],
        [
            1569488689,
            21.820492,
            54.626204,
            25,
            10,
            178,
            15
        ],
        [
            1569488690,
            21.820492,
            54.626188,
            25,
            8,
            189,
            15
        ],
        [
            1569488691,
            21.820478,
            54.626164,
            25,
            7,
            201,
            15
        ],
        [
            1569488692,
            21.820466,
            54.626148,
            24,
            7,
            210,
            15
        ],
        [
            1569488695,
            21.820452,
            54.62612,
            25,
            0,
            210,
            14
        ],
        [
            1569488722,
            21.820452,
            54.62612,
            25,
            0,
            210,
            14
        ],
        [
            1569488842,
            21.820452,
            54.62612,
            25,
            0,
            210,
            14
        ],
        [
            1569488962,
            21.820452,
            54.62612,
            25,
            0,
            210,
            14
        ],
        [
            1569489082,
            21.820452,
            54.62612,
            25,
            0,
            210,
            14
        ],
        [
            1569489202,
            21.820452,
            54.62612,
            25,
            0,
            210,
            14
        ],
        [
            1569489278,
            21.820452,
            54.62612,
            25,
            0,
            210,
            14
        ],
        [
            1569489296,
            21.820532,
            54.626212,
            33,
            6,
            50,
            15
        ],
        [
            1569489309,
            21.82052,
            54.626264,
            35,
            8,
            317,
            15
        ],
        [
            1569489310,
            21.820496,
            54.626276,
            35,
            9,
            332,
            15
        ],
        [
            1569489311,
            21.820478,
            54.6263,
            35,
            10,
            345,
            15
        ],
        [
            1569489312,
            21.820474,
            54.626336,
            35,
            11,
            1,
            15
        ],
        [
            1569489313,
            21.820478,
            54.62636,
            36,
            10,
            9,
            15
        ],
        [
            1569489314,
            21.820492,
            54.626384,
            36,
            10,
            23,
            15
        ],
        [
            1569489315,
            21.820512,
            54.626408,
            36,
            10,
            27,
            15
        ],
        [
            1569489316,
            21.820532,
            54.626432,
            36,
            9,
            36,
            15
        ],
        [
            1569489317,
            21.820556,
            54.626448,
            36,
            10,
            42,
            15
        ],
        [
            1569489318,
            21.82059,
            54.626472,
            36,
            9,
            47,
            15
        ],
        [
            1569489319,
            21.820626,
            54.626488,
            35,
            11,
            52,
            15
        ],
        [
            1569489320,
            21.820668,
            54.626508,
            35,
            11,
            64,
            15
        ],
        [
            1569489322,
            21.820768,
            54.626528,
            35,
            12,
            74,
            15
        ],
        [
            1569489324,
            21.82089,
            54.626552,
            34,
            16,
            70,
            15
        ],
        [
            1569489328,
            21.821156,
            54.626604,
            33,
            15,
            76,
            15
        ],
        [
            1569489330,
            21.821286,
            54.626628,
            33,
            16,
            72,
            15
        ],
        [
            1569489334,
            21.821558,
            54.626688,
            33,
            16,
            65,
            15
        ],
        [
            1569489335,
            21.821626,
            54.626708,
            33,
            17,
            60,
            15
        ],
        [
            1569489338,
            21.821814,
            54.626768,
            32,
            13,
            55,
            15
        ],
        [
            1569489339,
            21.821864,
            54.626788,
            32,
            14,
            49,
            15
        ],
        [
            1569489340,
            21.821908,
            54.626816,
            33,
            13,
            42,
            15
        ],
        [
            1569489342,
            21.821972,
            54.626852,
            32,
            10,
            36,
            15
        ],
        [
            1569489343,
            21.822004,
            54.62688,
            32,
            10,
            42,
            15
        ],
        [
            1569489345,
            21.822074,
            54.626932,
            31,
            12,
            47,
            15
        ],
        [
            1569489346,
            21.822118,
            54.626944,
            31,
            13,
            55,
            15
        ],
        [
            1569489347,
            21.822172,
            54.62696,
            31,
            14,
            62,
            15
        ],
        [
            1569489348,
            21.822234,
            54.626976,
            30,
            15,
            72,
            15
        ],
        [
            1569489350,
            21.822362,
            54.627004,
            30,
            16,
            78,
            15
        ],
        [
            1569489352,
            21.82251,
            54.627016,
            30,
            18,
            82,
            15
        ],
        [
            1569489356,
            21.82284,
            54.627032,
            31,
            19,
            85,
            15
        ],
        [
            1569489357,
            21.822916,
            54.627032,
            31,
            17,
            89,
            15
        ],
        [
            1569489361,
            21.823174,
            54.62704,
            31,
            14,
            83,
            15
        ],
        [
            1569489362,
            21.82323,
            54.627052,
            31,
            12,
            76,
            15
        ],
        [
            1569489363,
            21.823286,
            54.62706,
            31,
            12,
            71,
            15
        ],
        [
            1569489366,
            21.82343,
            54.627076,
            31,
            10,
            79,
            15
        ],
        [
            1569489367,
            21.82347,
            54.627084,
            31,
            9,
            91,
            15
        ],
        [
            1569489368,
            21.823504,
            54.627076,
            31,
            5,
            91,
            15
        ],
        [
            1569489397,
            21.823504,
            54.627076,
            31,
            0,
            91,
            15
        ],
        [
            1569489517,
            21.823504,
            54.627076,
            31,
            0,
            91,
            15
        ],
        [
            1569489637,
            21.823504,
            54.627076,
            31,
            0,
            91,
            15
        ],
        [
            1569489677,
            21.823504,
            54.627076,
            31,
            0,
            91,
            15
        ],
        [
            1569489757,
            21.823504,
            54.627076,
            31,
            0,
            91,
            15
        ],
        [
            1569489877,
            21.823504,
            54.627076,
            31,
            0,
            91,
            15
        ],
        [
            1569489997,
            21.823504,
            54.627076,
            31,
            0,
            91,
            15
        ],
        [
            1569490117,
            21.823504,
            54.627076,
            31,
            0,
            91,
            15
        ]
    ]
}